id,day_of_year,weekend,depart,avgspeed,tavg,days_to_nearest_holiday,sealevel,dewpoint,tmax,preciptotal,RA,SN
26_2,43.256,3.93,7.385,6.976,6.213,9.743,6.618,4.799,6.299,2.577,0.0,0.0
35_16,19.714,32.863,1.526,1.972,1.359,13.638,11.172,15.031,1.88,0.846,0.0,0.0
35_63,32.172,7.098,0.056,0.157,0.123,28.403,15.556,16.271,0.066,0.097,0.0,0.0
3_2,43.964,4.007,7.351,4.889,4.398,13.618,6.127,4.761,5.204,0.0,3.014,0.0
28_2,47.458,0.0,9.577,5.087,3.596,14.533,4.339,6.2,5.916,1.986,0.775,0.0
5_37,10.125,32.429,8.465,11.373,4.28,7.193,7.208,5.061,6.075,0.0,4.083,0.0
16_39,19.099,0.0,8.31,8.274,9.748,6.945,6.909,9.252,7.962,6.89,0.0,11.946
39_9,19.678,4.698,12.986,8.665,7.269,10.119,12.321,7.128,7.526,5.239,0.0,0.0
2_44,13.813,30.204,7.867,9.002,7.897,8.924,6.693,4.574,6.358,2.759,0.0,0.0
36_1,48.884,0.0,6.493,5.285,3.387,16.127,4.685,5.3,4.601,1.809,2.061,0.0
40_55,30.264,18.086,9.096,8.733,4.576,7.953,5.56,5.704,4.8,0.0,1.765,0.0
23_56,31.431,7.884,9.206,9.457,6.545,9.03,6.321,4.546,9.974,3.254,0.0,0.0
33_92,48.691,2.366,5.841,4.669,6.402,8.685,3.275,13.142,2.866,0.0,3.225,0.0
18_57,18.688,7.893,9.651,9.326,0.0,11.056,11.733,6.574,7.515,7.118,5.422,0.0
12_37,13.666,41.595,5.935,8.69,0.0,4.503,5.87,5.282,2.412,6.145,3.886,0.0
44_62,25.35,5.129,11.237,15.832,6.472,0.0,7.81,7.773,5.762,5.405,5.123,0.0
16_50,29.933,4.201,4.767,4.146,0.0,5.945,6.434,3.918,4.763,13.646,0.0,18.022
24_76,22.591,2.965,11.629,11.377,8.89,11.427,7.674,5.042,10.591,0.0,0.0,3.955
32_9,18.872,18.321,8.754,8.2,8.34,12.098,7.88,5.689,7.951,0.0,0.0,1.776
34_9,17.305,21.577,11.196,8.275,8.305,8.237,6.455,5.129,5.235,0.0,4.203,0.0
11_9,10.073,14.95,12.268,13.373,5.823,8.245,12.101,7.975,5.469,5.685,0.0,0.0
11_61,27.726,0.0,12.232,8.588,6.229,5.835,10.221,6.402,8.104,5.182,5.946,0.0
6_14,34.309,0.0,6.992,8.55,8.483,16.136,6.633,7.218,7.952,0.93,1.98,0.0
45_9,21.809,14.333,12.239,7.1,4.299,8.72,7.781,8.745,9.113,2.808,0.0,0.0
38_9,11.878,14.499,8.781,12.586,6.391,11.708,10.128,8.825,9.654,0.0,3.263,0.0
7_23,12.876,52.046,4.753,4.936,2.964,5.789,5.335,3.629,3.478,0.0,2.377,0.0
29_56,29.843,4.423,11.683,9.611,8.339,6.717,12.079,5.482,4.258,4.45,0.0,0.0
18_37,8.488,36.145,7.537,10.438,4.639,3.421,6.986,9.706,4.345,0.0,3.891,0.0
1_40,36.107,0.0,7.235,4.3,7.843,11.211,13.232,5.772,7.749,2.791,0.0,2.42
11_87,7.118,17.011,9.371,9.256,9.538,9.648,10.856,12.42,6.146,4.815,0.0,0.0
7_7,36.563,8.889,6.133,13.317,4.568,6.448,8.608,5.878,5.789,0.0,2.112,0.0
27_9,13.912,26.324,8.24,7.391,5.03,5.682,5.242,9.628,5.663,8.875,0.0,0.0
4_9,18.845,40.236,6.862,6.262,8.887,3.843,4.68,2.222,7.034,0.0,1.129,0.0
37_104,4.611,13.498,5.806,8.885,8.507,6.478,8.034,26.512,4.959,10.513,0.0,0.0
6_9,25.077,4.36,9.229,8.867,7.875,13.419,9.198,7.364,9.624,2.83,0.0,0.0
41_16,31.237,15.976,4.965,6.928,6.989,9.482,6.04,7.074,5.687,3.747,0.0,0.0
4_101,14.062,13.541,9.897,9.47,8.435,15.458,8.534,6.849,7.931,4.045,0.0,0.0
44_5,14.628,31.056,8.942,11.141,3.554,7.129,6.466,3.282,7.182,0.0,4.846,0.0
37_53,10.92,29.232,11.412,8.144,6.351,5.463,6.751,5.172,11.607,2.181,0.0,0.0
19_16,18.675,17.157,9.924,5.979,7.329,12.479,9.835,5.574,4.66,5.568,0.0,0.0
43_105,23.614,6.522,6.223,9.802,5.337,13.579,10.432,5.411,8.451,9.366,0.0,0.0
10_37,9.01,46.432,7.298,10.265,2.625,3.389,5.427,6.836,4.572,2.111,0.0,0.0
45_4,45.547,2.646,13.285,7.143,5.364,6.258,8.54,2.719,2.08,6.418,0.0,0.0
25_50,8.459,0.0,5.551,11.04,20.519,4.693,5.114,6.433,18.8,11.593,0.0,4.628
22_9,14.334,24.636,10.565,15.384,0.0,4.161,9.235,7.226,3.83,4.7,3.266,0.0
15_15,26.586,4.553,16.743,4.016,12.045,8.024,7.276,8.261,4.656,0.0,0.0,6.651
25_12,12.335,3.052,16.774,12.199,10.667,9.736,10.047,14.295,8.715,0.925,0.0,0.0
40_106,7.597,6.37,22.264,10.887,2.764,0.0,3.548,26.623,5.508,14.438,0.0,0.0
43_73,2.446,0.0,12.776,21.025,6.03,18.219,11.427,7.689,13.311,2.223,4.854,0.0
22_104,20.307,6.199,11.698,8.622,4.528,0.0,10.651,7.773,5.366,13.589,7.896,0.0
25_81,0.0,0.0,0.0,0.0,0.0,0.0,0.0,0.0,0.0,0.0,0.0,0.0
25_84,0.0,0.0,0.0,0.0,0.0,0.0,0.0,0.0,0.0,0.0,0.0,0.0
25_93,0.0,0.0,0.0,0.0,0.0,0.0,0.0,0.0,0.0,0.0,0.0,0.0
32_86,0.0,0.0,0.0,0.0,0.0,0.0,0.0,0.0,0.0,0.0,0.0,0.0
32_19,0.0,0.0,0.0,0.0,0.0,0.0,0.0,0.0,0.0,0.0,0.0,0.0
8_93,0.0,0.0,0.0,0.0,0.0,0.0,0.0,0.0,0.0,0.0,0.0,0.0
27_21,0.0,0.0,0.0,0.0,0.0,0.0,0.0,0.0,0.0,0.0,0.0,0.0
31_93,0.0,0.0,0.0,0.0,0.0,0.0,0.0,0.0,0.0,0.0,0.0,0.0
30_51,0.0,0.0,0.0,0.0,0.0,0.0,0.0,0.0,0.0,0.0,0.0,0.0
8_84,0.0,0.0,0.0,0.0,0.0,0.0,0.0,0.0,0.0,0.0,0.0,0.0
30_49,0.0,0.0,0.0,0.0,0.0,0.0,0.0,0.0,0.0,0.0,0.0,0.0
2_93,0.0,0.0,0.0,0.0,0.0,0.0,0.0,0.0,0.0,0.0,0.0,0.0
2_85,0.0,0.0,0.0,0.0,0.0,0.0,0.0,0.0,0.0,0.0,0.0,0.0
27_93,0.0,0.0,0.0,0.0,0.0,0.0,0.0,0.0,0.0,0.0,0.0,0.0
32_93,0.0,0.0,0.0,0.0,0.0,0.0,0.0,0.0,0.0,0.0,0.0,0.0
7_93,0.0,0.0,0.0,0.0,0.0,0.0,0.0,0.0,0.0,0.0,0.0,0.0
9_42,0.0,0.0,0.0,0.0,0.0,0.0,0.0,0.0,0.0,0.0,0.0,0.0
44_93,0.0,0.0,0.0,0.0,0.0,0.0,0.0,0.0,0.0,0.0,0.0,0.0
33_85,0.0,0.0,0.0,0.0,0.0,0.0,0.0,0.0,0.0,0.0,0.0,0.0
38_86,0.0,0.0,0.0,0.0,0.0,0.0,0.0,0.0,0.0,0.0,0.0,0.0
43_93,0.0,0.0,0.0,0.0,0.0,0.0,0.0,0.0,0.0,0.0,0.0,0.0
41_93,0.0,0.0,0.0,0.0,0.0,0.0,0.0,0.0,0.0,0.0,0.0,0.0
41_86,0.0,0.0,0.0,0.0,0.0,0.0,0.0,0.0,0.0,0.0,0.0,0.0
40_93,0.0,0.0,0.0,0.0,0.0,0.0,0.0,0.0,0.0,0.0,0.0,0.0
3_93,0.0,0.0,0.0,0.0,0.0,0.0,0.0,0.0,0.0,0.0,0.0,0.0
4_93,0.0,0.0,0.0,0.0,0.0,0.0,0.0,0.0,0.0,0.0,0.0,0.0
3_102,10.507,0.0,10.345,10.911,0.0,0.0,0.0,0.0,9.402,52.407,6.427,0.0
4_96,0.0,0.0,0.0,0.0,0.0,0.0,0.0,0.0,0.0,0.0,0.0,0.0
39_111,0.0,0.0,0.0,0.0,0.0,0.0,0.0,0.0,0.0,0.0,0.0,0.0
38_93,0.0,0.0,0.0,0.0,0.0,0.0,0.0,0.0,0.0,0.0,0.0,0.0
38_52,0.0,0.0,0.0,0.0,0.0,0.0,0.0,0.0,0.0,0.0,0.0,0.0
33_93,0.0,0.0,0.0,0.0,0.0,0.0,0.0,0.0,0.0,0.0,0.0,0.0
5_105,0.0,0.0,0.0,0.0,0.0,0.0,0.0,0.0,0.0,0.0,0.0,0.0
37_15,0.0,0.0,0.0,0.0,0.0,0.0,0.0,0.0,0.0,0.0,0.0,0.0
5_20,0.0,0.0,0.0,0.0,0.0,0.0,0.0,0.0,0.0,0.0,0.0,0.0
35_93,0.0,0.0,0.0,0.0,0.0,0.0,0.0,0.0,0.0,0.0,0.0,0.0
5_93,0.0,0.0,0.0,0.0,0.0,0.0,0.0,0.0,0.0,0.0,0.0,0.0
35_24,0.0,0.0,0.0,0.0,0.0,0.0,0.0,0.0,0.0,0.0,0.0,0.0
45_22,0.0,0.0,0.0,0.0,0.0,0.0,0.0,0.0,0.0,0.0,0.0,0.0
34_93,0.0,0.0,0.0,0.0,0.0,0.0,0.0,0.0,0.0,0.0,0.0,0.0
34_84,0.0,0.0,0.0,0.0,0.0,0.0,0.0,0.0,0.0,0.0,0.0,0.0
34_52,0.0,0.0,0.0,0.0,0.0,0.0,0.0,0.0,0.0,0.0,0.0,0.0
10_21,0.0,0.0,0.0,0.0,0.0,0.0,0.0,0.0,0.0,0.0,0.0,0.0
9_93,0.0,0.0,0.0,0.0,0.0,0.0,0.0,0.0,0.0,0.0,0.0,0.0
24_97,0.0,0.0,0.0,0.0,0.0,0.0,0.0,0.0,0.0,0.0,0.0,0.0
20_93,0.0,0.0,0.0,0.0,0.0,0.0,0.0,0.0,0.0,0.0,0.0,0.0
1_93,0.0,0.0,0.0,0.0,0.0,0.0,0.0,0.0,0.0,0.0,0.0,0.0
1_89,0.0,0.0,0.0,0.0,0.0,0.0,0.0,0.0,0.0,0.0,0.0,0.0
19_93,0.0,0.0,0.0,0.0,0.0,0.0,0.0,0.0,0.0,0.0,0.0,0.0
19_88,0.0,0.0,0.0,0.0,0.0,0.0,0.0,0.0,0.0,0.0,0.0,0.0
19_69,0.0,0.0,0.0,0.0,0.0,0.0,0.0,0.0,0.0,0.0,0.0,0.0
19_15,0.0,0.0,0.0,0.0,0.0,0.0,0.0,0.0,0.0,0.0,0.0,0.0
16_93,0.0,0.0,0.0,0.0,0.0,0.0,0.0,0.0,0.0,0.0,0.0,0.0
16_85,0.0,0.0,0.0,0.0,0.0,0.0,0.0,0.0,0.0,0.0,0.0,0.0
15_93,0.0,0.0,0.0,0.0,0.0,0.0,0.0,0.0,0.0,0.0,0.0,0.0
15_17,0.0,0.0,0.0,0.0,0.0,0.0,0.0,0.0,0.0,0.0,0.0,0.0
14_93,0.0,0.0,0.0,0.0,0.0,0.0,0.0,0.0,0.0,0.0,0.0,0.0
14_88,0.0,0.0,0.0,0.0,0.0,0.0,0.0,0.0,0.0,0.0,0.0,0.0
14_33,0.0,0.0,0.0,0.0,0.0,0.0,0.0,0.0,0.0,0.0,0.0,0.0
13_93,0.0,0.0,0.0,0.0,0.0,0.0,0.0,0.0,0.0,0.0,0.0,0.0
13_46,0.0,0.0,0.0,0.0,0.0,0.0,0.0,0.0,0.0,0.0,0.0,0.0
12_93,0.0,0.0,0.0,0.0,0.0,0.0,0.0,0.0,0.0,0.0,0.0,0.0
12_86,0.0,0.0,0.0,0.0,0.0,0.0,0.0,0.0,0.0,0.0,0.0,0.0
12_79,12.008,0.0,8.291,20.813,5.957,6.483,9.352,12.146,7.132,4.878,9.225,0.0
11_86,0.0,0.0,0.0,0.0,0.0,0.0,0.0,0.0,0.0,0.0,0.0,0.0
10_93,0.0,0.0,0.0,0.0,0.0,0.0,0.0,0.0,0.0,0.0,0.0,0.0
10_86,0.0,0.0,0.0,0.0,0.0,0.0,0.0,0.0,0.0,0.0,0.0,0.0
20_18,0.0,0.0,0.0,0.0,0.0,0.0,0.0,0.0,0.0,0.0,0.0,0.0
17_48,0.0,0.0,0.0,0.0,0.0,0.0,0.0,0.0,0.0,0.0,0.0,0.0
23_29,0.0,0.0,0.0,0.0,0.0,0.0,0.0,0.0,0.0,0.0,0.0,0.0
22_93,0.0,0.0,0.0,0.0,0.0,0.0,0.0,0.0,0.0,0.0,0.0,0.0
22_54,15.836,12.454,16.151,0.0,17.581,14.158,12.202,0.0,0.0,0.0,11.618,0.0
35_105,0.971,6.941,2.385,3.291,0.169,0.2,2.663,8.102,0.745,74.533,0.0,0.0
6_45,11.663,14.718,11.636,9.291,5.696,9.162,7.841,6.658,5.589,13.786,0.0,0.0
9_105,16.689,0.0,32.171,6.543,0.0,10.864,8.313,13.167,10.118,0.0,2.136,0.0
37_105,12.511,5.878,13.801,7.271,5.559,8.52,5.859,16.176,5.189,16.631,0.0,0.0
31_9,10.597,34.284,9.349,9.436,5.835,9.002,5.273,3.794,6.875,0.0,2.708,0.0
33_44,4.02,40.597,14.562,10.419,6.608,5.368,2.311,5.808,3.425,0.0,4.584,0.0
16_77,86.814,0.0,8.021,5.165,0.0,0.0,0.0,0.0,0.0,0.0,0.0,0.0
20_74,45.947,3.802,5.195,6.674,4.583,13.28,5.141,3.983,6.415,3.335,0.0,0.0
1_9,11.953,26.256,9.916,8.434,6.1,11.993,7.501,4.92,5.626,0.0,3.248,0.0
40_5,9.071,50.959,7.901,6.713,3.612,3.408,3.61,4.989,3.624,2.496,0.0,0.0
5_32,13.795,0.0,20.896,13.592,0.0,0.0,1.081,21.231,7.776,21.629,0.0,0.0
36_30,12.882,11.515,12.041,12.31,6.775,10.214,8.791,8.199,5.235,0.0,6.441,0.0
5_16,38.981,37.988,3.566,5.82,1.888,1.525,2.536,0.0,3.079,1.245,2.356,0.0
15_61,30.728,3.509,9.992,10.105,4.969,9.412,7.148,8.654,7.656,0.0,0.0,3.021
39_103,16.271,4.58,30.228,36.727,3.899,0.0,8.295,0.0,0.0,0.0,0.0,0.0
2_5,10.222,41.743,3.51,10.397,4.344,6.393,3.076,7.23,5.677,4.53,0.0,0.0
20_106,22.715,0.0,13.406,9.455,14.679,4.44,4.661,16.928,12.892,0.0,0.824,0.0
14_70,71.806,6.627,11.063,3.561,0.0,0.0,0.0,0.0,0.0,6.943,0.0,0.0
45_34,9.416,0.0,16.792,2.856,12.902,7.122,25.018,2.595,16.182,2.476,0.0,2.757
14_15,15.837,2.518,9.369,9.005,5.494,10.642,14.452,3.576,15.846,0.0,0.0,10.574
1_99,22.585,10.492,10.401,25.679,18.567,0.0,0.0,0.0,0.0,12.277,0.0,0.0
2_11,17.8,5.673,7.597,12.212,21.791,5.281,12.66,5.319,6.962,2.308,0.0,0.0
31_104,40.206,15.683,5.428,7.821,0.0,0.0,2.654,0.0,0.0,28.209,0.0,0.0
19_75,28.808,14.415,10.41,11.604,4.577,4.269,4.047,7.394,10.032,0.0,3.629,0.0
34_31,10.262,13.434,9.541,10.949,7.544,11.423,10.017,6.134,9.199,0.0,5.458,0.0
41_61,26.264,4.613,8.809,19.054,6.249,7.222,7.758,9.356,4.364,0.0,4.18,0.0
28_35,26.05,0.0,19.22,0.0,37.403,2.301,0.0,0.0,0.0,15.026,0.0,0.0
1_28,7.999,33.119,8.345,8.976,0.0,8.098,7.938,7.997,4.188,4.531,4.396,0.0
23_45,6.5,48.631,9.166,8.184,3.89,4.504,5.03,2.462,6.146,2.809,0.0,0.0
8_100,21.831,0.0,16.835,23.489,17.697,0.0,0.0,9.656,0.0,10.492,0.0,0.0
15_49,14.089,0.0,9.056,7.115,10.903,10.659,4.401,5.363,16.519,8.587,0.0,11.202
42_82,13.562,0.0,15.687,14.364,9.498,6.747,6.815,5.126,9.919,7.543,4.954,0.0
40_51,12.823,6.724,15.315,11.316,10.012,8.464,8.62,5.433,8.033,0.0,0.0,9.494
20_5,11.744,29.457,14.205,6.795,4.591,7.977,6.144,4.038,8.095,3.389,0.0,0.0
24_6,12.754,10.139,13.803,13.374,7.021,12.113,11.768,6.057,5.474,2.794,0.0,0.0
24_60,10.379,10.523,26.571,6.616,3.217,0.0,13.802,5.297,15.268,4.841,3.488,0.0
3_5,13.21,16.624,12.486,11.327,5.748,12.155,8.218,6.327,7.381,3.805,0.0,0.0
45_50,20.134,0.0,6.406,9.473,12.282,8.198,13.695,4.045,13.329,3.948,0.0,6.21
21_91,9.872,5.93,20.822,14.506,7.806,7.529,12.834,9.187,4.928,0.0,5.244,0.0
29_8,9.53,3.833,19.278,12.652,7.789,10.824,9.889,8.606,8.163,5.032,0.0,0.0
10_5,10.79,25.584,7.777,12.49,3.25,13.697,9.326,6.308,7.084,0.0,2.334,0.0
35_50,47.917,1.039,0.004,0.01,0.021,9.861,28.796,12.334,0.013,0.004,0.0,0.0
8_59,11.497,5.403,12.082,16.286,8.147,13.427,9.49,10.203,7.356,0.0,3.25,0.0
13_104,27.371,0.0,3.053,33.334,0.156,8.026,1.857,6.34,0.373,16.427,3.064,0.0
9_10,19.32,8.911,6.704,15.609,8.905,9.245,5.214,7.323,10.926,0.0,5.382,0.0
38_98,12.56,0.0,9.267,17.624,16.309,8.307,10.768,9.094,5.267,3.881,3.521,0.0
35_49,33.484,5.964,0.072,0.106,0.126,8.752,16.536,34.801,0.092,0.067,0.0,0.0
27_80,0.0,0.0,9.097,13.439,29.741,17.247,0.212,17.632,2.808,0.0,9.825,0.0
43_16,18.421,20.741,11.321,6.589,4.396,11.26,5.33,13.915,3.391,0.0,2.671,0.0
14_50,13.427,0.0,12.598,7.773,5.434,6.541,7.87,6.017,9.169,7.933,0.0,19.253
19_39,26.432,0.0,5.881,10.242,10.077,7.725,10.434,4.336,8.91,4.851,0.0,8.204
44_94,39.606,0.0,15.714,0.0,10.397,0.0,16.264,9.523,0.94,0.0,7.555,0.0
31_98,29.941,0.0,9.776,20.004,25.9,14.378,0.0,0.0,0.0,0.0,0.0,0.0
18_5,11.503,20.297,10.419,12.323,5.974,8.907,7.209,4.11,8.153,0.0,0.0,4.278
25_9,14.272,19.78,11.296,6.623,5.088,10.33,10.18,6.92,9.949,2.056,0.0,0.0
4_90,7.077,28.155,26.476,10.999,0.0,0.0,0.0,16.453,0.0,10.84,0.0,0.0
43_37,21.207,24.365,9.819,9.023,4.534,6.044,9.085,0.0,5.022,4.054,4.048,0.0
17_71,16.2,6.385,13.348,14.766,5.285,7.481,12.574,6.18,10.41,0.0,4.379,0.0
4_97,25.976,0.0,18.429,12.198,4.518,6.19,20.775,3.651,4.23,1.512,0.0,1.519
31_67,31.318,27.11,2.687,4.014,6.232,0.476,3.569,17.129,6.59,0.0,0.427,0.0
8_23,7.969,35.111,9.322,9.332,5.489,7.877,9.057,5.702,4.628,0.0,3.294,0.0
23_5,13.514,19.284,12.252,9.841,5.744,7.554,9.074,6.719,6.846,3.967,0.0,0.0
43_3,78.421,2.737,1.819,1.819,1.481,5.333,0.943,0.0,1.82,2.573,2.424,0.0
29_41,9.63,39.003,7.355,8.145,4.495,6.35,8.202,5.253,5.363,2.577,0.0,0.0
37_5,13.386,39.647,8.236,6.416,4.002,5.117,6.86,4.481,3.737,4.134,0.0,0.0
35_66,12.703,30.09,2.378,1.842,1.84,13.897,14.775,19.944,1.637,0.894,0.0,0.0
36_9,23.583,12.262,9.94,10.68,6.201,9.56,6.395,7.993,6.013,3.779,0.0,0.0
30_65,14.307,0.0,21.433,9.802,18.282,14.232,9.747,0.0,0.0,12.197,0.0,0.0
44_105,30.206,0.0,37.072,0.0,0.0,0.0,0.0,21.195,0.0,11.528,0.0,0.0
7_5,17.443,16.085,13.587,10.467,5.771,10.272,7.849,7.483,4.887,3.49,0.0,0.0
19_83,11.452,53.875,3.246,4.083,3.265,2.308,4.798,5.756,6.637,0.0,2.283,0.0
11_110,6.953,0.0,48.495,6.258,0.0,9.385,25.964,2.945,0.0,0.0,0.0,0.0
1_51,14.547,0.0,6.31,7.613,7.413,14.093,8.308,6.582,11.265,7.638,0.0,10.676
28_5,13.194,20.468,16.657,0.0,12.441,0.0,11.363,0.0,16.668,0.0,9.208,0.0
31_45,13.065,62.06,7.482,2.226,4.44,1.52,3.346,1.106,2.863,1.173,0.0,0.0
9_5,19.657,29.237,11.602,7.534,4.472,6.233,5.655,5.011,7.394,0.0,1.96,0.0
42_45,23.653,18.044,7.415,7.521,7.903,10.404,7.409,6.67,7.227,2.198,0.0,0.0
32_58,24.139,24.556,9.755,5.881,7.579,6.016,10.199,0.0,9.951,1.204,0.0,0.721
32_51,17.988,0.0,13.8,5.461,12.325,9.761,13.145,5.643,7.532,4.199,0.0,6.769
16_25,5.077,51.156,5.268,6.33,4.144,5.238,4.427,3.468,4.995,5.95,0.0,0.0
4_27,9.909,11.957,12.677,13.232,6.14,10.324,10.438,8.843,8.364,4.174,0.0,0.0
16_16,15.521,15.972,10.661,9.823,4.18,13.168,7.275,6.426,7.942,5.106,0.0,0.0
33_9,11.236,42.666,5.438,7.203,6.465,7.256,6.398,4.636,4.14,0.0,2.657,0.0
38_45,4.817,59.209,4.03,4.113,8.182,4.711,3.384,3.483,2.807,4.275,0.0,0.0
6_107,12.464,10.577,33.941,0.0,41.114,1.903,0.0,0.0,0.0,0.0,0.0,0.0
21_44,16.952,40.255,13.074,0.0,14.233,0.0,0.0,6.54,0.0,8.946,0.0,0.0
21_5,17.257,23.498,12.086,6.294,7.37,9.314,2.951,7.712,6.957,0.0,4.932,0.0
25_45,10.056,51.834,5.258,5.556,2.808,6.368,4.8,3.826,5.386,1.851,0.0,0.0
26_45,9.424,22.335,15.175,7.413,8.063,6.497,5.912,11.638,8.775,0.0,2.38,0.0
12_16,7.898,52.737,5.241,5.025,4.235,8.36,4.58,3.608,3.235,0.0,3.205,0.0
29_45,17.346,24.786,8.176,9.509,8.654,5.893,7.072,7.315,8.104,0.0,1.58,0.0
13_5,26.973,13.463,9.407,12.905,6.823,6.021,3.964,9.953,3.678,0.0,5.102,0.0
42_5,17.766,4.372,10.201,10.014,5.885,19.845,9.16,7.509,8.667,5.152,0.0,0.0
13_36,4.576,43.219,9.175,3.515,22.564,9.053,3.592,0.0,1.285,0.579,2.442,0.0
15_5,20.92,45.255,7.58,4.849,4.897,3.544,4.492,2.257,3.898,1.017,0.0,0.0
1_47,33.547,10.413,9.569,0.0,7.884,15.514,0.0,0.0,10.129,12.943,0.0,0.0
22_78,76.492,0.0,1.259,2.487,0.0,10.281,1.69,6.907,0.884,0.0,0.0,0.0
17_9,9.248,32.437,27.887,0.0,7.4,0.0,0.0,0.0,12.288,0.0,10.741,0.0
3_109,6.684,0.0,25.001,0.0,15.853,0.0,19.688,32.774,0.0,0.0,0.0,0.0
36_44,20.586,12.289,25.819,0.0,17.535,0.0,11.06,12.71,0.0,0.0,0.0,0.0
18_72,20.995,5.999,15.908,8.209,13.354,5.671,10.992,4.316,8.483,3.099,0.0,0.0
9_45,9.366,58.045,4.209,5.568,3.178,4.417,4.358,3.93,2.154,0.0,4.039,0.0
28_45,12.539,24.07,13.461,8.665,7.063,8.06,4.218,6.494,10.675,2.32,0.0,0.0
37_38,21.655,12.214,11.542,0.0,32.449,22.139,0.0,0.0,0.0,0.0,0.0,0.0
39_36,12.931,10.565,17.871,12.951,26.91,0.0,10.061,0.0,0.0,8.711,0.0,0.0
40_45,1.891,83.922,1.795,1.678,1.805,2.056,1.212,2.776,1.463,0.0,0.0,0.768
32_45,2.694,73.401,4.358,2.103,3.701,0.0,3.463,3.613,2.1,1.198,0.0,2.277
24_43,23.856,17.588,11.369,6.656,5.081,8.134,6.158,8.55,7.382,0.0,0.0,3.221
21_109,18.983,12.857,17.032,7.303,27.216,0.0,0.0,16.609,0.0,0.0,0.0,0.0
34_45,12.775,33.984,8.584,8.246,5.003,8.155,6.278,4.893,7.433,0.0,3.187,0.0
14_25,41.326,13.549,20.157,0.0,9.296,0.0,2.808,0.0,0.0,12.865,0.0,0.0
44_68,10.6,34.22,8.814,15.091,0.0,4.834,5.22,4.206,5.723,3.673,5.243,0.0
16_64,17.482,3.843,15.319,16.147,47.21,0.0,0.0,0.0,0.0,0.0,0.0,0.0
15_86,0.0,0.0,10.073,28.815,27.333,0.0,0.0,0.0,25.0,8.778,0.0,0.0
17_37,16.472,35.02,9.091,8.048,4.768,8.03,5.291,3.25,4.024,2.967,0.0,0.0
30_13,28.23,0.0,8.574,6.23,0.0,54.255,0.0,2.71,0.0,0.0,0.0,0.0
41_108,30.375,0.0,23.774,0.0,14.957,0.0,2.283,26.136,2.475,0.0,0.0,0.0
26_5,12.563,14.235,13.989,0.0,30.249,0.0,4.886,17.514,0.0,6.563,0.0,0.0
8_5,41.045,20.065,17.103,9.582,12.205,0.0,0.0,0.0,0.0,0.0,0.0,0.0
22_68,18.963,12.917,9.634,9.95,0.0,0.0,24.433,18.378,5.725,0.0,0.0,0.0
20_41,15.531,44.632,22.421,0.0,10.907,6.509,0.0,0.0,0.0,0.0,0.0,0.0
37_45,2.142,81.946,3.454,2.518,2.426,0.923,1.603,1.457,2.006,0.0,0.0,1.031
11_68,6.805,58.321,4.764,5.17,3.092,1.787,6.978,7.93,1.801,0.0,1.801,0.0
40_15,14.203,3.498,16.823,12.829,10.01,8.397,7.241,4.744,14.87,4.466,0.0,0.0
45_26,0.0,15.403,22.147,11.305,14.032,0.0,15.716,10.718,0.0,10.679,0.0,0.0
15_45,6.569,70.689,3.707,2.059,3.344,3.776,3.044,1.336,3.48,0.0,0.0,1.154
30_16,22.439,8.968,7.768,11.286,4.67,12.592,10.864,6.414,4.97,4.479,0.0,0.0
41_68,25.916,11.422,11.05,7.543,4.044,6.145,13.649,8.972,4.564,3.429,0.0,0.0
3_45,11.445,65.728,10.318,0.0,10.518,0.0,0.0,1.991,0.0,0.0,0.0,0.0
14_9,13.78,21.007,9.887,7.933,5.61,7.199,11.67,7.196,8.244,4.285,0.0,0.0
7_95,63.546,0.0,17.311,0.0,0.0,0.0,0.944,8.768,9.43,0.0,0.0,0.0
27_68,22.982,27.391,10.022,9.386,3.384,1.511,7.7,11.02,3.624,0.0,1.899,0.0
30_44,13.629,13.501,10.426,13.105,7.219,8.695,12.003,6.285,5.718,3.838,0.0,0.0
