id,rmse,r2,unit_max,unit_mean,day_not_zero_unit_count,day_not_zero_unit_percent
26_2,1.861,0.325,15.0,1.480072463768116,303,36.594202898550726
35_16,7.582,0.291,128.0,22.848441926345608,702,99.43342776203966
35_63,2.809,0.178,47.0,1.8838526912181304,229,32.436260623229465
3_2,2.25,0.175,14.0,1.214975845410628,284,34.29951690821256
28_2,1.242,0.171,12.0,0.8061594202898551,224,27.053140096618357
5_37,3.693,0.168,38.0,12.359299516908212,827,99.8792270531401
16_39,0.13,0.166,10.0,0.19082125603864733,97,11.71497584541063
39_9,5.039,0.162,42.0,5.22463768115942,667,80.55555555555556
2_44,32.735,0.144,343.0,136.04408212560386,827,99.8792270531401
36_1,1.184,0.144,9.0,0.8266908212560387,251,30.31400966183575
40_55,1.098,0.14,9.0,0.982487922705314,328,39.61352657004831
23_56,1.045,0.14,13.0,1.1781400966183575,334,40.33816425120773
33_92,0.867,0.127,11.0,0.7596618357487923,251,30.31400966183575
18_57,0.948,0.097,8.0,0.4613526570048309,213,25.724637681159418
12_37,5.241,0.075,51.0,17.821859903381643,826,99.7584541062802
44_62,0.982,0.075,7.0,0.625,278,33.57487922705314
16_50,0.318,0.074,25.0,0.4251207729468599,127,15.338164251207727
24_76,0.649,0.067,6.0,0.35507246376811596,180,21.73913043478261
32_9,18.99,0.061,192.0,42.22041062801932,823,99.39613526570048
34_9,20.859,0.054,188.0,55.17874396135266,826,99.7584541062802
11_9,18.468,0.052,143.0,39.3756038647343,828,100.0
11_61,1.081,0.052,7.0,0.5458937198067633,253,30.555555555555557
6_14,0.644,0.043,7.0,0.32608695652173914,163,19.685990338164252
45_9,13.962,0.038,112.0,16.618961352657006,794,95.89371980676329
38_9,33.994,0.036,251.0,78.19806763285024,823,99.39613526570048
7_23,8.256,0.034,61.0,25.446859903381643,826,99.7584541062802
29_56,0.815,0.034,8.0,0.6123188405797102,231,27.898550724637683
18_37,4.553,0.031,38.0,12.482487922705314,826,99.7584541062802
1_40,0.301,0.03,15.0,0.32306763285024154,114,13.768115942028986
11_87,1.315,0.03,7.0,1.1322463768115942,440,53.14009661835749
7_7,0.933,0.028,6.0,0.783816425120773,317,38.28502415458937
27_9,17.145,0.026,125.0,36.90458937198068,824,99.51690821256038
4_9,41.776,0.025,390.0,121.08454106280193,827,99.8792270531401
37_104,1.262,0.025,16.0,0.4335748792270531,126,15.217391304347828
6_9,26.354,0.02,190.0,59.145531400966185,827,99.8792270531401
41_16,10.987,0.02,176.0,38.38526570048309,826,99.7584541062802
4_101,0.953,0.018,8.0,0.46557971014492755,195,23.55072463768116
44_5,17.098,0.017,111.0,36.7518115942029,827,99.8792270531401
37_53,0.887,0.017,6.0,0.5730676328502415,276,33.33333333333333
19_16,10.254,0.016,74.0,18.97463768115942,827,99.8792270531401
43_105,0.295,0.014,12.0,0.08514492753623189,43,5.193236714975845
10_37,6.376,0.013,70.0,17.14855072463768,827,99.8792270531401
45_4,0.734,0.013,7.0,0.3677536231884058,163,19.685990338164252
25_50,0.372,0.011,39.0,0.39371980676328505,127,15.338164251207727
22_9,22.72,0.008,156.0,47.66606280193237,825,99.63768115942028
15_15,0.646,0.005,55.0,1.232487922705314,188,22.705314009661837
25_12,1.069,0.004,15.0,0.5344202898550725,278,33.57487922705314
40_106,0.436,0.004,5.0,0.07789855072463768,40,4.830917874396135
43_73,0.606,0.002,4.0,0.4396135265700483,275,33.21256038647343
22_104,0.495,0.001,6.0,0.07971014492753623,58,7.004830917874397
25_81,0.0,0.0,29.0,5.645531400966184,372,44.927536231884055
25_84,0.0,0.0,8.0,0.08333333333333333,51,6.159420289855073
25_93,0.0,0.0,23.0,0.7548309178743962,145,17.51207729468599
32_86,0.0,0.0,10.0,0.19685990338164253,81,9.782608695652174
32_19,0.0,0.0,5.0,0.663647342995169,385,46.4975845410628
8_93,0.0,0.0,50.0,1.2361111111111112,201,24.27536231884058
27_21,0.0,0.0,9.0,1.3822463768115942,574,69.32367149758454
31_93,0.0,0.0,63.0,0.9323671497584541,157,18.96135265700483
30_51,0.0,0.0,31.0,0.38768115942028986,122,14.734299516908212
8_84,0.0,0.0,9.0,0.14492753623188406,67,8.091787439613526
30_49,0.0,0.0,22.0,0.2361111111111111,99,11.956521739130435
2_93,0.0,0.0,43.0,0.788647342995169,145,17.51207729468599
2_85,0.0,0.0,6.0,0.1280193236714976,67,8.091787439613526
27_93,0.0,0.0,77.0,2.457125603864734,243,29.347826086956523
32_93,0.0,0.0,50.0,1.4396135265700483,192,23.18840579710145
7_93,0.0,0.0,46.0,0.9239130434782609,153,18.478260869565215
9_42,0.0,0.0,19.0,5.271739130434782,502,60.6280193236715
44_93,0.0,0.0,38.0,1.3079710144927537,191,23.067632850241544
33_85,0.0,0.0,6.0,0.09057971014492754,49,5.917874396135265
38_86,0.0,0.0,4.0,0.08695652173913043,63,7.608695652173914
43_93,0.0,0.0,55.0,0.657608695652174,105,12.681159420289855
41_93,0.0,0.0,53.0,1.373792270531401,210,25.36231884057971
41_86,0.0,0.0,6.0,0.161231884057971,75,9.057971014492754
40_93,0.0,0.0,25.0,0.8900966183574879,128,15.458937198067632
3_93,0.0,0.0,67.0,1.2457729468599035,159,19.202898550724637
4_93,0.0,0.0,27.0,0.5048309178743962,102,12.318840579710146
3_102,0.216,-0.0,3.0,0.04589371980676329,33,3.985507246376811
4_96,0.0,0.0,28.0,0.5670289855072463,98,11.83574879227053
39_111,0.0,0.0,0.0,0.0,0,0.0
38_93,0.0,0.0,59.0,0.7367149758454107,116,14.009661835748794
38_52,0.0,0.0,10.0,1.1491545893719808,509,61.47342995169082
33_93,0.0,0.0,48.0,0.3973429951690821,102,12.318840579710146
5_105,0.0,0.0,7.0,0.13768115942028986,61,7.367149758454106
37_15,0.0,0.0,61.0,1.1219806763285025,149,17.995169082125603
5_20,0.0,0.0,6.0,1.1884057971014492,566,68.35748792270532
35_93,0.0,0.0,70.0,0.8583569405099151,93,13.172804532577903
5_93,0.0,0.0,52.0,1.5954106280193237,197,23.792270531400966
35_24,0.0,0.0,33.0,3.6090651558073654,307,43.48441926345609
45_22,0.0,0.0,0.0,0.0,0,0.0
34_93,0.0,0.0,22.0,0.5519323671497585,109,13.16425120772947
34_84,0.0,0.0,4.0,0.05555555555555555,38,4.5893719806763285
34_52,0.0,0.0,9.0,1.5640096618357489,605,73.06763285024155
10_21,0.0,0.0,6.0,0.9692028985507246,491,59.29951690821256
9_93,0.0,0.0,60.0,1.1570048309178744,161,19.444444444444446
24_97,0.0,0.0,158.0,1.4263285024154588,97,11.71497584541063
20_93,0.0,0.0,78.0,0.9631642512077294,122,14.734299516908212
1_93,0.0,0.0,58.0,1.3321256038647342,191,23.067632850241544
1_89,0.0,0.0,12.0,0.18961352657004832,76,9.178743961352657
19_93,0.0,0.0,47.0,1.0338164251207729,156,18.84057971014493
19_88,0.0,0.0,10.0,0.1642512077294686,81,9.782608695652174
19_69,0.0,0.0,7.0,1.335144927536232,478,57.729468599033815
19_15,0.0,0.0,67.0,3.160024154589372,176,21.256038647342994
16_93,0.0,0.0,70.0,0.7016908212560387,114,13.768115942028986
16_85,0.0,0.0,8.0,0.08152173913043478,50,6.038647342995169
15_93,0.0,0.0,21.0,1.0144927536231885,166,20.048309178743963
15_17,0.0,0.0,7.0,0.9208937198067633,397,47.94685990338164
14_93,0.0,0.0,24.0,0.6473429951690821,123,14.855072463768115
14_88,0.0,0.0,8.0,0.10507246376811594,47,5.676328502415459
14_33,0.0,0.0,5.0,0.4227053140096618,243,29.347826086956523
13_93,0.0,0.0,97.0,1.228864734299517,167,20.169082125603865
13_46,0.0,0.0,12.0,0.9251207729468599,269,32.48792270531401
12_93,0.0,0.0,44.0,1.7928743961352658,225,27.173913043478258
12_86,0.0,0.0,10.0,0.1721014492753623,75,9.057971014492754
12_79,1.292,0.0,8.0,0.8327294685990339,317,38.28502415458937
11_86,0.0,0.0,8.0,0.23731884057971014,106,12.80193236714976
10_93,0.0,0.0,88.0,1.589975845410628,207,25.0
10_86,0.0,0.0,10.0,0.16606280193236714,84,10.144927536231885
20_18,0.0,0.0,5.0,0.8043478260869565,446,53.864734299516904
17_48,0.0,0.0,293.0,94.67210144927536,504,60.86956521739131
23_29,0.0,0.0,7.0,1.038647342995169,504,60.86956521739131
22_93,0.0,0.0,220.0,3.7385265700483092,251,30.31400966183575
22_54,0.723,-0.001,4.0,0.48490338164251207,314,37.92270531400966
35_105,0.476,-0.002,5.0,0.1643059490084986,61,8.640226628895183
6_45,15.183,-0.003,152.0,64.94685990338164,827,99.8792270531401
9_105,0.299,-0.006,4.0,0.09118357487922706,59,7.125603864734299
37_105,1.052,-0.006,6.0,0.19384057971014493,84,10.144927536231885
31_9,19.23,-0.007,187.0,52.23913043478261,827,99.8792270531401
33_44,47.856,-0.008,469.0,210.83695652173913,827,99.8792270531401
16_77,2.331,-0.012,23.0,1.0893719806763285,264,31.88405797101449
20_74,1.185,-0.013,13.0,0.9396135265700483,304,36.71497584541063
1_9,18.621,-0.015,207.0,30.477657004830917,821,99.15458937198068
40_5,18.232,-0.018,197.0,49.69806763285024,826,99.7584541062802
5_32,0.992,-0.019,8.0,0.6123188405797102,287,34.66183574879227
36_30,0.929,-0.023,7.0,1.1068840579710144,550,66.42512077294685
5_16,8.569,-0.023,74.0,25.343599033816425,827,99.8792270531401
15_61,0.955,-0.024,9.0,0.8393719806763285,303,36.594202898550726
39_103,0.675,-0.025,12.0,0.2252415458937198,105,12.681159420289855
2_5,33.446,-0.027,315.0,65.64855072463769,827,99.8792270531401
20_106,1.116,-0.03,6.0,0.03321256038647343,31,3.7439613526570046
14_70,1.372,-0.03,10.0,0.5664251207729468,194,23.42995169082126
45_34,0.1,-0.036,14.0,0.1473429951690821,58,7.004830917874397
14_15,2.0,-0.036,113.0,1.4142512077294687,67,8.091787439613526
1_99,1.504,-0.041,10.0,0.5446859903381642,189,22.82608695652174
2_11,1.0,-0.043,12.0,0.8683574879227053,340,41.06280193236715
31_104,0.414,-0.045,4.0,0.04589371980676329,24,2.898550724637681
19_75,1.111,-0.049,8.0,0.6690821256038647,289,34.90338164251207
34_31,0.705,-0.05,12.0,0.6467391304347826,288,34.78260869565217
41_61,0.849,-0.055,20.0,0.9486714975845411,332,40.09661835748793
28_35,1.638,-0.057,14.0,0.7723429951690821,308,37.19806763285024
1_28,6.126,-0.058,23.0,5.1105072463768115,803,96.98067632850241
23_45,8.65,-0.069,109.0,36.484299516908216,827,99.8792270531401
8_100,1.276,-0.07,9.0,0.5935990338164251,253,30.555555555555557
15_49,0.175,-0.074,14.0,0.3140096618357488,105,12.681159420289855
42_82,0.611,-0.076,7.0,0.5181159420289855,304,36.71497584541063
40_51,0.389,-0.087,17.0,0.37077294685990336,147,17.753623188405797
20_5,35.467,-0.088,430.0,79.84359903381643,826,99.7584541062802
24_6,28.251,-0.091,250.0,44.10809178743961,826,99.7584541062802
24_60,0.767,-0.107,5.0,0.769927536231884,418,50.48309178743962
3_5,28.822,-0.111,250.0,66.79347826086956,820,99.03381642512076
45_50,0.193,-0.121,41.0,0.4577294685990338,82,9.903381642512077
21_91,1.014,-0.125,11.0,0.7856280193236715,323,39.009661835748794
29_8,15.422,-0.129,184.0,35.07608695652174,820,99.03381642512076
10_5,35.072,-0.13,311.0,71.13828502415458,826,99.7584541062802
35_50,0.38,-0.133,137.0,1.1735127478753542,132,18.69688385269122
8_59,0.802,-0.137,5.0,0.9233091787439613,520,62.80193236714976
13_104,0.242,-0.138,7.0,0.12983091787439613,59,7.125603864734299
9_10,0.94,-0.148,12.0,0.8369565217391305,323,39.009661835748794
38_98,0.696,-0.159,8.0,0.6509661835748792,309,37.31884057971014
35_49,0.162,-0.169,30.0,0.2953257790368272,56,7.932011331444759
27_80,0.641,-0.171,7.0,0.45410628019323673,261,31.521739130434785
43_16,16.505,-0.172,132.0,45.1225845410628,826,99.7584541062802
14_50,0.247,-0.176,37.0,0.6256038647342995,130,15.70048309178744
19_39,0.106,-0.177,15.0,0.37379227053140096,144,17.391304347826086
44_94,0.925,-0.19,7.0,0.9698067632850241,464,56.038647342995176
31_98,0.977,-0.194,9.0,0.8725845410628019,348,42.028985507246375
18_5,8.736,-0.204,79.0,18.040458937198068,822,99.27536231884058
25_9,34.016,-0.211,297.0,102.22826086956522,827,99.8792270531401
4_90,1.222,-0.213,7.0,1.213768115942029,500,60.38647342995169
43_37,5.029,-0.218,50.0,14.004227053140097,827,99.8792270531401
17_71,0.557,-0.22,5.0,0.5138888888888888,281,33.93719806763285
4_97,0.218,-0.255,87.0,0.7934782608695652,107,12.922705314009661
31_67,7.887,-0.256,34.0,7.880434782608695,570,68.84057971014492
8_23,5.666,-0.277,28.0,10.608695652173912,827,99.8792270531401
23_5,12.507,-0.28,125.0,31.646135265700483,819,98.91304347826086
43_3,0.931,-0.281,12.0,0.8248792270531401,266,32.125603864734295
29_41,8.595,-0.311,59.0,22.871376811594203,827,99.8792270531401
37_5,16.409,-0.321,154.0,42.73490338164251,826,99.7584541062802
35_66,5.017,-0.344,46.0,16.425637393767705,701,99.29178470254958
36_9,18.573,-0.363,134.0,38.992753623188406,827,99.8792270531401
30_65,0.576,-0.371,4.0,0.6117149758454107,387,46.73913043478261
44_105,0.219,-0.441,6.0,0.14190821256038647,82,9.903381642512077
7_5,31.044,-0.464,218.0,70.28381642512078,827,99.8792270531401
19_83,4.056,-0.485,27.0,9.926932367149758,826,99.7584541062802
11_110,13.212,-0.487,12.0,0.04710144927536232,8,0.966183574879227
1_51,0.41,-0.492,44.0,1.1956521739130435,192,23.18840579710145
28_5,17.079,-0.52,217.0,38.55615942028985,816,98.55072463768117
31_45,22.083,-0.536,392.0,87.19142512077295,827,99.8792270531401
9_5,17.877,-0.542,223.0,49.285628019323674,825,99.63768115942028
42_45,16.498,-0.542,141.0,66.78079710144928,827,99.8792270531401
32_58,1.372,-0.553,17.0,1.1672705314009661,316,38.164251207729464
32_51,0.194,-0.593,26.0,0.4861111111111111,142,17.14975845410628
16_25,43.894,-0.6,577.0,163.07910628019323,826,99.7584541062802
4_27,10.034,-0.602,30.0,10.298309178743962,821,99.15458937198068
16_16,12.59,-0.635,176.0,33.69202898550725,826,99.7584541062802
33_9,49.463,-0.646,476.0,117.1237922705314,825,99.63768115942028
38_45,25.625,-0.653,204.0,96.26147342995169,827,99.8792270531401
6_107,1.673,-0.726,7.0,0.4414251207729469,129,15.579710144927535
21_44,16.988,-0.763,160.0,78.28442028985508,827,99.8792270531401
21_5,19.282,-0.768,260.0,47.93538647342995,826,99.7584541062802
25_45,25.221,-0.776,167.0,83.33333333333333,827,99.8792270531401
26_45,12.08,-0.808,225.0,49.81521739130435,827,99.8792270531401
12_16,13.287,-0.82,99.0,37.27777777777778,827,99.8792270531401
29_45,19.855,-0.849,148.0,66.40881642512078,827,99.8792270531401
13_5,33.542,-0.866,283.0,75.70169082125604,826,99.7584541062802
42_5,22.206,-0.883,187.0,42.95108695652174,827,99.8792270531401
13_36,30.421,-0.885,272.0,83.45350241545894,827,99.8792270531401
15_5,30.511,-0.903,265.0,68.42149758454106,826,99.7584541062802
1_47,10.79,-0.905,24.0,1.5326086956521738,163,19.685990338164252
22_78,1.228,-0.929,13.0,1.058574879227053,239,28.864734299516908
17_9,67.713,-0.943,503.0,152.40157004830917,827,99.8792270531401
3_109,3.435,-1.038,15.0,1.0090579710144927,174,21.014492753623188
36_44,29.436,-1.165,205.0,69.88888888888889,826,99.7584541062802
18_72,0.557,-1.178,8.0,0.572463768115942,355,42.874396135265705
9_45,21.077,-1.294,182.0,72.58514492753623,827,99.8792270531401
28_45,15.995,-1.45,181.0,52.05857487922705,827,99.8792270531401
37_38,7.338,-1.488,14.0,0.7657004830917874,147,17.753623188405797
39_36,5.236,-1.544,30.0,10.256038647342995,827,99.8792270531401
40_45,23.831,-1.58,165.0,65.59541062801932,827,99.8792270531401
32_45,18.261,-1.591,121.0,49.61352657004831,827,99.8792270531401
24_43,22.113,-1.76,171.0,51.509661835748794,826,99.7584541062802
21_109,6.551,-1.828,27.0,2.3055555555555554,193,23.309178743961354
34_45,30.93,-1.848,223.0,96.6286231884058,827,99.8792270531401
14_25,8.882,-1.914,73.0,15.554347826086957,795,96.01449275362319
44_68,18.81,-1.937,139.0,51.44142512077295,827,99.8792270531401
16_64,2.996,-1.991,10.0,0.5597826086956522,153,18.478260869565215
15_86,0.121,-2.052,3.0,0.10326086956521739,61,7.367149758454106
17_37,25.031,-2.172,184.0,67.19142512077295,827,99.8792270531401
30_13,0.85,-2.175,11.0,0.8387681159420289,270,32.608695652173914
41_108,9.091,-2.349,21.0,1.2789855072463767,178,21.497584541062803
26_5,25.716,-2.363,221.0,49.33695652173913,827,99.8792270531401
8_5,21.653,-2.417,189.0,38.716183574879224,823,99.39613526570048
22_68,18.675,-2.454,92.0,38.179951690821255,826,99.7584541062802
20_41,12.392,-2.507,86.0,31.118357487922705,827,99.8792270531401
37_45,18.839,-3.086,118.0,51.7512077294686,827,99.8792270531401
11_68,19.127,-3.164,110.0,41.580917874396135,827,99.8792270531401
40_15,0.289,-3.356,69.0,0.8236714975845411,117,14.130434782608695
45_26,2.87,-3.789,15.0,4.013888888888889,758,91.54589371980676
15_45,43.181,-3.988,224.0,99.35990338164251,828,100.0
30_16,21.214,-4.493,171.0,42.111111111111114,828,100.0
41_68,16.204,-4.581,164.0,36.281400966183575,827,99.8792270531401
3_45,30.673,-4.718,188.0,78.06763285024155,827,99.8792270531401
14_9,12.275,-5.406,89.0,14.806763285024154,769,92.8743961352657
7_95,27.139,-5.587,89.0,14.922101449275363,265,32.00483091787439
27_68,21.534,-6.849,96.0,35.3756038647343,826,99.7584541062802
30_44,90.177,-20.284,395.0,167.43236714975845,828,100.0
